State,Account length,Area code,International plan,Voice mail plan,Number vmail messages,Total day minutes,Total day calls,Total day charge,Total eve minutes,Total eve calls,Total eve charge,Total night minutes,Total night calls,Total night charge,Total intl minutes,Total intl calls,Total intl charge
WV,141,408,No,No,42,248.8,98,42.3,267.0,93,22.7,324.4,133,14.6,2.8,2,0.76
CA,13,408,No,Yes,25,235.2,104,39.98,277.5,118,23.59,282.5,99,12.71,13.4,5,3.62
NJ,36,408,Yes,Yes,14,167.5,79,28.48,59.5,116,5.06,244.0,65,10.98,15.2,8,4.1
NV,4,510,No,No,45,161.9,85,27.52,298.7,101,25.39,349.8,112,15.74,17.5,13,4.73
NJ,175,510,No,Yes,20,332.1,116,56.46,50.8,59,4.32,148.3,66,6.67,2.2,2,0.59
OH,126,415,Yes,No,21,313.4,135,53.28,235.2,84,19.99,287.9,59,12.96,1.1,2,0.3
RI,172,510,Yes,Yes,18,280.9,96,47.75,281.0,94,23.89,205.3,130,9.24,13.3,4,3.59
RI,232,408,No,No,48,192.1,119,32.66,129.4,102,11.0,336.0,103,15.12,12.8,10,3.46
OK,64,408,No,No,32,190.5,116,32.39,119.6,53,10.17,126.5,127,5.69,12.2,8,3.29
WA,51,408,No,No,41,232.1,98,39.46,161.6,50,13.74,290.3,71,13.06,4.8,2,1.3
CA,42,510,Yes,Yes,11,308.3,108,52.41,215.0,140,18.28,224.0,137,10.08,1.9,1,0.51
NY,9,510,No,No,16,302.5,94,51.43,144.6,60,12.29,115.8,83,5.21,8.9,3,2.4
NY,71,415,Yes,Yes,37,339.7,108,57.75,165.0,93,14.03,331.0,150,14.89,9.5,2,2.57
NY,103,415,No,Yes,46,199.9,64,33.98,193.7,144,16.46,120.0,84,5.4,10.2,13,2.75
WV,197,510,Yes,No,27,193.0,111,32.81,135.4,63,11.51,345.4,111,15.54,6.8,11,1.84
AZ,171,510,Yes,Yes,25,103.1,88,17.53,249.9,77,21.24,166.5,123,7.49,3.2,6,0.86
CT,18,415,Yes,Yes,50,187.6,114,31.89,122.7,101,10.43,324.6,104,14.61,11.2,12,3.02
AZ,175,415,No,No,1,302.6,142,51.44,187.6,74,15.95,197.8,50,8.9,11.1,9,3.0
TN,47,415,No,Yes,38,236.4,56,40.19,211.1,149,17.94,343.7,67,15.47,8.4,1,2.27
RI,34,415,Yes,No,48,229.6,62,39.03,78.7,103,6.69,293.7,61,13.22,5.5,6,1.49
TX,67,510,No,Yes,30,298.6,133,50.76,231.3,59,19.66,215.0,119,9.67,16.5,12,4.46
WA,19,408,Yes,Yes,40,225.2,81,38.28,77.1,90,6.55,288.7,102,12.99,6.7,3,1.81
FL,140,510,No,Yes,26,306.5,92,52.11,99.5,101,8.46,213.1,132,9.59,2.3,13,0.62
KS,39,510,Yes,No,27,210.9,111,35.85,253.3,75,21.53,179.8,148,8.09,17.3,15,4.67
WA,4,415,Yes,Yes,42,267.2,150,45.42,220.5,126,18.74,224.3,112,10.09,5.8,4,1.57
OK,58,415,No,No,50,251.9,53,42.82,57.6,87,4.9,323.0,149,14.54,13.1,5,3.54
WV,66,408,Yes,Yes,19,151.1,57,25.69,212.0,133,18.02,124.2,65,5.59,13.8,15,3.73
TN,236,510,Yes,Yes,44,341.3,69,58.02,92.1,146,7.83,326.5,110,14.69,13.2,14,3.56
WA,231,510,No,Yes,33,312.3,143,53.09,251.0,63,21.34,143.2,70,6.44,2.8,14,0.76
NV,68,510,No,No,48,248.0,103,42.16,79.8,109,6.78,260.2,101,11.71,3.4,10,0.92
TN,249,415,Yes,Yes,41,127.5,95,21.68,80.0,99,6.8,301.4,106,13.56,8.2,15,2.21
KS,19,510,No,Yes,5,121.6,52,20.67,62.0,70,5.27,340.1,83,15.3,10.0,6,2.7
NJ,91,510,No,No,5,262.2,118,44.57,58.8,95,5.0,281.5,108,12.67,13.5,3,3.65
CA,8,408,Yes,Yes,41,156.3,103,26.57,290.9,56,24.73,131.4,138,5.91,17.2,10,4.64
NV,176,415,Yes,Yes,10,310.3,70,52.75,165.1,77,14.03,278.4,52,12.53,18.1,7,4.89
NY,221,415,No,No,40,172.3,54,29.29,167.6,138,14.25,212.7,84,9.57,13.5,9,3.65
WA,52,408,Yes,No,9,117.0,140,19.89,153.4,86,13.04,244.6,140,11.01,7.1,4,1.92
FL,157,510,Yes,No,23,132.6,93,22.54,54.6,80,4.64,208.8,57,9.4,7.7,14,2.08
TN,17,415,No,Yes,6,168.0,74,28.56,59.4,102,5.05,273.0,107,12.29,19.9,8,5.37
OK,212,510,No,Yes,35,337.4,105,57.36,88.2,69,7.5,208.1,149,9.36,5.5,2,1.49
NV,23,408,No,Yes,8,113.5,57,19.3,275.9,136,23.45,111.5,150,5.02,12.2,6,3.29
WV,135,510,No,No,26,178.2,77,30.29,135.8,84,11.54,319.3,148,14.37,12.5,2,3.38
RI,234,510,No,No,45,309.8,114,52.67,137.8,133,11.71,242.0,104,10.89,6.8,7,1.84
AZ,26,415,No,No,29,203.4,65,34.58,216.4,60,18.39,345.9,85,15.57,8.3,11,2.24
WV,26,510,No,No,12,278.2,61,47.29,264.6,86,22.49,209.1,71,9.41,11.2,9,3.02
NJ,79,510,No,Yes,22,106.0,101,18.02,58.0,50,4.93,137.3,55,6.18,2.5,12,0.68
OH,220,415,No,Yes,27,150.4,55,25.57,145.0,137,12.33,238.8,122,10.75,4.2,1,1.13
KS,146,408,Yes,Yes,42,264.5,93,44.97,54.2,57,4.61,137.0,73,6.17,17.5,9,4.73
WV,234,510,Yes,No,16,115.5,63,19.64,152.3,107,12.95,341.1,71,15.35,6.5,13,1.76
NJ,177,415,No,Yes,17,170.6,76,29.0,190.2,66,16.17,139.8,150,6.29,9.4,11,2.54
TX,105,415,Yes,Yes,14,333.2,106,56.64,288.7,61,24.54,242.4,64,10.91,7.4,11,2.0
NJ,132,415,No,No,48,342.4,77,58.21,234.7,76,19.95,228.2,134,10.27,4.1,1,1.11
CA,84,415,Yes,No,14,119.8,58,20.37,250.5,54,21.29,156.5,135,7.04,14.1,13,3.81
WV,156,408,Yes,No,39,258.1,71,43.88,248.2,61,21.1,154.3,68,6.94,15.9,1,4.29
NY,34,510,Yes,No,8,160.6,110,27.3,161.8,100,13.75,269.5,69,12.13,1.7,8,0.46
TN,26,510,No,No,38,146.4,83,24.89,273.1,79,23.21,208.1,58,9.36,10.3,8,2.78
KS,86,415,Yes,Yes,18,295.3,72,50.2,174.8,125,14.86,256.0,129,11.52,19.2,4,5.18
OK,163,415,No,Yes,25,280.4,66,47.67,176.8,70,15.03,169.6,140,7.63,10.4,1,2.81
NJ,56,510,Yes,Yes,1,115.9,57,19.7,177.0,90,15.05,266.0,118,11.97,12.1,10,3.27
CT,13,415,No,Yes,6,266.8,103,45.36,56.1,120,4.77,264.6,111,11.91,8.8,1,2.38
NY,46,510,Yes,Yes,3,138.2,80,23.49,153.7,61,13.06,161.2,111,7.25,11.0,12,2.97
WV,170,415,Yes,No,41,270.7,150,46.02,286.7,92,24.37,161.9,83,7.29,14.2,6,3.83
RI,90,408,Yes,Yes,11,345.3,68,58.7,201.5,96,17.13,134.9,117,6.07,5.1,12,1.38
OH,70,415,No,No,46,155.4,97,26.42,78.0,110,6.63,312.3,105,14.05,13.6,11,3.67
NY,209,415,No,Yes,4,109.2,139,18.56,144.3,73,12.27,312.6,77,14.07,4.8,15,1.3
CA,152,510,Yes,No,17,321.5,132,54.66,107.4,86,9.13,252.1,96,11.34,11.7,1,3.16
TX,221,408,No,Yes,40,306.3,59,52.07,147.9,122,12.57,322.1,108,14.49,1.3,15,0.35
AZ,77,510,Yes,Yes,5,140.4,123,23.87,263.8,89,22.42,282.6,75,12.72,10.4,5,2.81
AZ,217,510,No,Yes,5,106.1,131,18.04,212.1,136,18.03,320.4,149,14.42,19.2,8,5.18
CA,244,415,Yes,Yes,40,113.4,69,19.28,271.2,56,23.05,179.3,106,8.07,15.6,9,4.21
OK,153,415,No,No,8,310.9,121,52.85,155.8,122,13.24,217.3,97,9.78,16.8,12,4.54
TX,120,415,No,Yes,19,316.1,85,53.74,79.2,101,6.73,167.4,87,7.53,3.6,3,0.97
NY,200,408,Yes,Yes,19,143.2,125,24.34,81.1,139,6.89,344.5,87,15.5,15.3,14,4.13
AZ,211,408,Yes,No,39,111.9,123,19.02,220.3,68,18.73,193.0,69,8.69,4.5,3,1.22
RI,73,510,No,Yes,12,194.0,52,32.98,194.1,100,16.5,282.0,135,12.69,11.8,3,3.19
NY,18,510,Yes,Yes,34,326.5,107,55.51,102.2,126,8.69,326.3,62,14.68,1.1,10,0.3
NY,5,510,No,No,17,251.0,103,42.67,108.3,75,9.21,171.5,76,7.72,17.9,12,4.83
WV,204,408,Yes,No,5,216.7,126,36.84,80.4,86,6.83,213.6,147,9.61,15.8,3,4.27
RI,39,510,Yes,Yes,1,221.4,70,37.64,139.1,147,11.82,151.4,51,6.81,9.3,1,2.51
NY,89,415,Yes,Yes,38,269.4,71,45.8,290.4,63,24.68,202.3,126,9.1,3.1,1,0.84
OH,205,415,No,No,10,217.0,133,36.89,137.4,53,11.68,261.8,139,11.78,16.5,6,4.46
WA,56,415,No,Yes,30,158.8,137,27.0,199.3,128,16.94,338.0,149,15.21,20.0,12,5.4
TX,72,408,No,Yes,37,232.7,121,39.56,276.0,128,23.46,257.3,138,11.58,12.1,3,3.27
WV,115,415,Yes,Yes,15,144.8,126,24.62,60.0,99,5.1,195.4,138,8.79,8.5,6,2.29
NV,53,510,No,Yes,44,163.0,120,27.71,66.2,80,5.63,171.2,124,7.7,17.2,5,4.64
TN,42,408,No,No,29,339.8,54,57.77,152.3,59,12.95,102.5,140,4.61,1.8,8,0.49
KS,169,510,No,Yes,31,243.1,66,41.33,58.9,113,5.01,213.1,85,9.59,3.3,2,0.89
CT,179,408,Yes,No,39,149.3,86,25.38,64.3,129,5.47,257.7,98,11.6,6.2,5,1.67
NV,132,415,Yes,No,29,326.3,71,55.47,177.3,146,15.07,275.2,117,12.38,5.5,15,1.49
TN,195,415,Yes,Yes,18,205.2,131,34.88,89.4,150,7.6,279.1,148,12.56,13.9,1,3.75
NV,114,415,No,Yes,39,319.7,78,54.35,50.9,71,4.33,105.2,67,4.73,4.4,11,1.19
CA,84,510,No,No,38,190.4,122,32.37,184.9,87,15.72,287.6,111,12.94,1.8,15,0.49
CT,69,510,Yes,Yes,27,247.5,81,42.08,169.7,66,14.42,140.8,64,6.34,8.8,1,2.38
RI,96,510,No,Yes,7,119.6,103,20.33,139.9,57,11.89,299.0,85,13.46,13.8,4,3.73
OK,167,408,No,Yes,32,102.8,78,17.48,218.2,75,18.55,135.6,132,6.1,9.1,14,2.46
AZ,231,415,No,No,42,146.6,141,24.92,124.7,91,10.6,333.6,99,15.01,5.7,5,1.54
AZ,158,408,No,Yes,48,254.8,148,43.32,138.2,123,11.75,144.5,94,6.5,2.8,14,0.76
RI,241,510,Yes,Yes,33,157.1,65,26.71,204.6,106,17.39,323.5,125,14.56,15.5,2,4.19
OK,14,415,No,Yes,42,241.2,65,41.0,154.5,131,13.13,285.4,144,12.84,10.5,9,2.83
AZ,223,415,No,Yes,30,137.0,140,23.29,58.4,119,4.96,349.3,59,15.72,4.8,8,1.3
TN,52,408,Yes,No,15,319.4,61,54.3,156.5,117,13.3,156.9,110,7.06,10.8,10,2.92
WA,35,415,No,No,28,168.5,82,28.65,120.1,83,10.21,303.4,133,13.65,14.7,3,3.97
OH,203,415,Yes,Yes,37,242.0,129,41.14,154.8,123,13.16,186.1,139,8.37,16.8,4,4.54
WA,10,408,Yes,No,42,235.3,57,40.0,172.3,100,14.65,131.7,125,5.93,16.5,11,4.46
AZ,122,408,No,Yes,28,131.1,60,22.29,214.1,121,18.2,114.3,74,5.14,1.1,15,0.3
RI,208,408,No,Yes,6,279.9,101,47.58,203.8,104,17.32,328.4,140,14.78,2.1,15,0.57
CA,143,408,No,Yes,33,114.5,53,19.46,124.1,138,10.55,167.8,91,7.55,6.5,10,1.76
CA,172,415,Yes,No,48,275.1,149,46.77,281.5,109,23.93,181.6,68,8.17,5.3,11,1.43
OH,241,510,Yes,No,12,300.0,51,51.0,198.8,88,16.9,128.0,75,5.76,12.4,15,3.35
KS,160,415,No,Yes,8,219.6,114,37.33,130.7,93,11.11,333.6,78,15.01,5.7,13,1.54
OH,219,510,No,No,14,177.3,109,30.14,71.2,103,6.05,338.0,76,15.21,17.1,12,4.62
WA,208,408,No,No,14,114.6,77,19.48,263.4,86,22.39,172.3,82,7.75,7.2,3,1.94
OK,210,415,Yes,No,38,196.9,144,33.47,199.2,127,16.93,344.6,106,15.51,13.4,8,3.62
TN,35,415,No,Yes,34,243.8,83,41.45,260.0,77,22.1,295.6,100,13.3,13.5,8,3.65
FL,139,408,Yes,Yes,44,139.7,96,23.75,95.5,105,8.12,127.0,50,5.71,8.0,10,2.16
KS,67,510,No,Yes,30,317.6,65,53.99,204.1,88,17.35,295.3,90,13.29,16.4,7,4.43
NV,33,408,No,Yes,3,203.7,88,34.63,134.5,107,11.43,146.6,128,6.6,18.0,2,4.86
AZ,12,408,No,Yes,50,251.8,104,42.81,153.1,89,13.01,220.9,143,9.94,2.9,12,0.78
NV,222,408,No,No,35,267.4,105,45.46,291.9,139,24.81,247.0,61,11.12,2.3,8,0.62
NJ,29,408,Yes,Yes,30,195.9,112,33.3,88.6,60,7.53,114.4,68,5.15,4.5,10,1.22
OH,195,510,Yes,Yes,3,272.4,72,46.31,141.2,119,12.0,310.3,88,13.96,8.3,15,2.24
WV,122,415,No,Yes,38,248.8,95,42.3,275.2,136,23.39,155.2,140,6.98,15.3,7,4.13
NY,242,415,No,No,30,173.1,82,29.43,56.3,115,4.79,324.3,57,14.59,4.3,4,1.16
AZ,101,415,No,No,24,263.7,138,44.83,104.0,94,8.84,275.2,54,12.38,8.3,13,2.24
TX,184,415,No,Yes,18,221.8,89,37.71,235.0,135,19.98,192.7,126,8.67,13.3,5,3.59
CA,73,408,Yes,Yes,35,300.6,55,51.1,264.3,52,22.47,228.5,59,10.28,4.9,13,1.32
AZ,150,415,No,Yes,37,314.5,91,53.47,123.0,67,10.46,229.5,66,10.33,5.8,2,1.57
FL,101,510,No,Yes,3,334.6,67,56.88,268.0,85,22.78,140.1,75,6.3,15.5,4,4.19
OK,131,408,Yes,Yes,11,120.1,51,20.42,259.5,83,22.06,234.5,81,10.55,2.5,2,0.68
KS,51,408,Yes,No,47,266.2,140,45.25,138.3,108,11.76,192.8,83,8.68,2.7,4,0.73
NJ,128,408,Yes,No,1,325.1,87,55.27,139.7,84,11.87,188.1,141,8.46,14.4,6,3.89
NV,191,510,No,No,39,198.3,82,33.71,209.6,79,17.82,307.3,70,13.83,3.0,9,0.81
WA,248,415,No,Yes,22,158.4,99,26.93,176.4,131,14.99,319.9,140,14.4,17.0,12,4.59
TN,133,415,Yes,No,48,120.5,75,20.49,185.2,53,15.74,277.0,135,12.46,2.7,13,0.73
TX,221,408,Yes,Yes,49,131.8,82,22.41,148.3,90,12.61,300.9,75,13.54,18.6,7,5.02
OH,124,408,Yes,Yes,23,112.2,98,19.07,84.6,73,7.19,229.3,132,10.32,12.5,10,3.38
NJ,28,510,No,No,0,193.1,66,32.83,232.4,76,19.75,272.1,93,12.24,2.7,13,0.73
FL,101,415,Yes,Yes,34,205.7,66,34.97,171.6,102,14.59,158.3,72,7.12,5.3,9,1.43
CT,32,510,No,Yes,32,153.8,73,26.15,274.6,69,23.34,283.0,131,12.73,19.3,7,5.21
NY,106,510,No,Yes,21,168.2,105,28.59,102.0,92,8.67,231.6,143,10.42,11.7,12,3.16
OH,76,510,No,Yes,6,311.1,102,52.89,247.2,125,21.01,291.2,78,13.1,8.0,4,2.16
RI,130,510,No,Yes,19,235.1,131,39.97,244.6,98,20.79,201.2,74,9.05,4.4,4,1.19
NJ,112,415,Yes,No,5,130.7,126,22.22,118.2,74,10.05,100.4,50,4.52,10.0,10,2.7
OH,83,415,Yes,No,44,274.5,74,46.67,177.3,115,15.07,167.5,148,7.54,18.2,13,4.91
OK,89,510,Yes,Yes,50,249.6,82,42.43,80.8,136,6.87,291.3,88,13.11,7.7,11,2.08
AZ,93,415,No,No,44,283.6,91,48.21,231.0,148,19.64,295.6,68,13.3,5.4,8,1.46
TN,241,415,No,No,22,264.6,75,44.98,115.8,78,9.84,294.2,63,13.24,16.3,7,4.4
AZ,163,408,Yes,Yes,49,183.5,112,31.2,250.1,72,21.26,103.8,147,4.67,17.6,9,4.75
OH,122,510,Yes,No,40,249.7,148,42.45,101.1,130,8.59,232.0,80,10.44,18.5,10,5.0
CA,227,408,No,Yes,12,202.5,113,34.43,168.4,50,14.31,348.2,126,15.67,12.8,8,3.46
OH,85,415,Yes,No,49,331.0,130,56.27,86.9,112,7.39,159.3,126,7.17,2.8,3,0.76
CT,120,415,No,No,33,277.3,112,47.14,209.9,90,17.84,242.0,99,10.89,19.3,11,5.21
NJ,49,415,Yes,No,40,280.1,76,47.62,186.0,139,15.81,254.2,100,11.44,14.7,3,3.97
CA,178,408,Yes,Yes,3,209.4,78,35.6,231.6,58,19.69,216.5,52,9.74,19.7,3,5.32
FL,9,408,Yes,No,13,189.6,69,32.23,294.8,131,25.06,115.9,137,5.22,17.1,12,4.62
CA,196,408,Yes,No,37,273.7,99,46.53,70.3,120,5.98,160.7,124,7.23,11.7,12,3.16
KS,80,415,Yes,No,12,286.0,111,48.62,52.7,67,4.48,108.8,55,4.9,16.1,13,4.35
KS,183,510,No,No,43,193.6,91,32.91,101.4,93,8.62,298.0,99,13.41,6.3,12,1.7
OH,187,510,No,Yes,39,335.1,55,56.97,184.5,52,15.68,164.0,147,7.38,3.8,7,1.03
OK,8,415,No,Yes,44,174.5,93,29.67,170.0,99,14.45,337.9,149,15.21,19.8,10,5.35
FL,174,415,Yes,Yes,28,280.0,79,47.6,244.3,135,20.77,231.5,127,10.42,10.1,5,2.73
TN,200,510,Yes,Yes,6,198.7,78,33.78,158.4,62,13.46,105.7,52,4.76,6.4,12,1.73
KS,5,408,Yes,Yes,2,331.0,84,56.27,85.2,53,7.24,123.5,140,5.56,17.7,6,4.78
KS,154,510,No,Yes,0,309.1,81,52.55,291.3,142,24.76,165.3,133,7.44,15.0,11,4.05
KS,128,510,Yes,Yes,28,247.3,132,42.04,121.9,69,10.36,309.2,133,13.91,1.4,4,0.38
TX,76,408,No,Yes,22,270.0,94,45.9,114.4,95,9.72,330.0,111,14.85,17.5,3,4.73
TN,103,408,No,Yes,21,336.7,78,57.24,163.3,77,13.88,199.0,105,8.96,4.9,1,1.32
NJ,149,408,Yes,No,24,120.6,139,20.5,285.2,128,24.24,197.4,106,8.88,6.3,3,1.7
NY,223,510,No,No,19,162.2,145,27.57,138.9,61,11.81,115.0,72,5.17,12.9,7,3.48
NJ,28,415,No,No,44,279.3,126,47.48,249.7,138,21.22,290.1,58,13.05,2.4,3,0.65
OK,145,510,No,Yes,5,330.3,85,56.15,230.5,91,19.59,326.8,93,14.71,19.1,8,5.16
WA,149,510,Yes,Yes,18,218.3,75,37.11,230.6,67,19.6,229.7,62,10.34,16.8,12,4.54
OH,215,408,No,Yes,42,141.6,80,24.07,237.0,126,20.15,348.2,146,15.67,4.0,9,1.08
RI,115,415,No,Yes,37,348.7,142,59.28,296.9,107,25.24,227.2,137,10.22,5.0,12,1.35
AZ,114,415,No,No,13,180.7,143,30.72,289.0,74,24.57,111.0,123,5.0,15.2,4,4.1
NY,49,510,Yes,Yes,23,271.0,113,46.07,272.9,98,23.2,326.5,139,14.69,5.2,5,1.4
FL,140,408,Yes,No,8,239.4,127,40.7,185.8,141,15.79,222.2,51,10.0,4.6,11,1.24
NY,182,415,Yes,Yes,6,264.9,138,45.03,173.8,139,14.77,325.4,110,14.64,6.7,4,1.81
TN,241,408,No,Yes,11,174.7,148,29.7,53.7,145,4.56,325.8,111,14.66,18.7,12,5.05
KS,177,408,Yes,Yes,31,297.6,82,50.59,276.6,132,23.51,161.5,66,7.27,2.8,9,0.76
NV,201,408,No,Yes,0,193.0,70,32.81,276.5,105,23.5,284.0,54,12.78,13.7,14,3.7
RI,31,408,No,No,40,217.9,61,37.04,125.0,148,10.62,136.5,87,6.14,8.0,7,2.16
WA,208,415,No,Yes,4,116.8,90,19.86,215.3,138,18.3,154.0,104,6.93,8.8,6,2.38
TX,91,510,Yes,Yes,7,101.3,84,17.22,141.4,69,12.02,301.5,127,13.57,5.0,14,1.35
WA,62,415,Yes,No,45,125.4,147,21.32,270.8,115,23.02,149.6,123,6.73,17.3,2,4.67
OK,94,408,No,Yes,19,348.3,106,59.21,161.0,82,13.69,204.7,69,9.21,14.1,12,3.81
KS,230,408,Yes,Yes,23,158.1,95,26.88,180.4,71,15.33,258.3,88,11.62,18.2,7,4.91
CA,173,415,No,No,18,194.2,55,33.01,271.7,73,23.09,218.2,131,9.82,7.7,6,2.08
NV,129,510,Yes,No,33,147.4,64,25.06,76.6,50,6.51,275.4,140,12.39,14.8,13,4.0
TN,211,408,No,Yes,28,169.2,54,28.76,102.9,81,8.75,262.0,54,11.79,14.4,11,3.89
AZ,13,408,No,No,27,195.4,100,33.22,148.6,59,12.63,107.8,75,4.85,3.2,15,0.86
WA,70,510,Yes,Yes,49,138.4,67,23.53,123.9,85,10.53,343.6,116,15.46,4.8,11,1.3
TX,242,408,Yes,Yes,45,230.3,136,39.15,217.4,112,18.48,336.1,116,15.12,17.0,1,4.59
NV,15,408,No,No,7,174.2,139,29.61,260.7,149,22.16,178.0,92,8.01,17.3,8,4.67
NJ,53,415,No,Yes,12,119.0,59,20.23,152.4,67,12.95,324.7,82,14.61,16.7,9,4.51
OH,32,408,No,No,9,172.5,62,29.33,65.6,123,5.58,239.2,129,10.76,4.4,9,1.19
NV,32,510,Yes,Yes,23,335.9,144,57.1,179.0,129,15.22,312.4,101,14.06,16.4,13,4.43
FL,188,510,Yes,Yes,11,316.9,90,53.87,135.8,85,11.54,201.5,133,9.07,2.2,9,0.59
RI,111,510,Yes,No,14,290.0,53,49.3,225.6,137,19.18,167.5,100,7.54,1.5,10,0.41
TN,195,510,Yes,Yes,27,111.2,92,18.9,284.2,122,24.16,324.5,95,14.6,18.2,3,4.91
OK,136,510,Yes,Yes,38,116.8,144,19.86,218.3,132,18.56,196.6,62,8.85,17.0,5,4.59
KS,169,415,No,No,41,178.2,73,30.29,163.5,137,13.9,180.0,67,8.1,16.2,8,4.37
NJ,36,510,Yes,No,28,115.6,50,19.65,184.4,149,15.67,160.9,68,7.24,10.1,12,2.73
WA,113,408,No,No,39,169.5,55,28.82,249.4,98,21.2,107.3,83,4.83,1.8,4,0.49
NY,233,408,No,Yes,25,121.5,127,20.66,88.4,112,7.51,187.2,78,8.42,7.0,13,1.89
TX,218,415,No,Yes,6,219.1,85,37.25,206.1,113,17.52,150.9,132,6.79,8.6,5,2.32
KS,231,510,No,No,5,287.1,75,48.81,69.2,150,5.88,238.8,116,10.75,3.7,9,1.0
RI,228,510,No,No,31,273.3,144,46.46,238.4,76,20.26,188.0,131,8.46,13.3,10,3.59
FL,241,415,Yes,No,3,213.2,87,36.24,293.2,99,24.92,182.2,50,8.2,10.8,8,2.92
TN,236,510,Yes,Yes,10,233.3,127,39.66,221.0,127,18.79,319.3,103,14.37,18.6,9,5.02
NY,34,415,Yes,No,45,338.5,56,57.55,276.3,144,23.49,259.2,123,11.66,13.9,13,3.75
NJ,102,415,Yes,Yes,39,136.2,146,23.15,77.9,63,6.62,152.0,85,6.84,15.3,4,4.13
KS,157,408,No,No,32,167.5,59,28.48,225.9,69,19.2,305.8,69,13.76,19.4,7,5.24
NY,162,415,No,No,32,269.6,118,45.83,80.6,145,6.85,193.5,137,8.71,13.9,12,3.75
CT,21,510,No,No,1,232.3,146,39.49,52.0,50,4.42,174.3,135,7.84,7.2,1,1.94
WA,177,415,No,No,2,304.2,77,51.71,203.7,124,17.31,335.3,137,15.09,12.0,6,3.24
WA,66,408,Yes,No,44,107.0,147,18.19,100.4,61,8.53,166.6,51,7.5,10.3,5,2.78
NY,134,415,Yes,No,6,260.3,105,44.25,91.6,96,7.79,338.3,76,15.22,8.3,12,2.24
OK,219,408,No,No,43,120.1,61,20.42,289.7,73,24.62,144.3,141,6.49,7.9,7,2.13
TX,40,415,No,Yes,16,134.3,128,22.83,156.1,67,13.27,344.7,98,15.51,9.7,8,2.62
WV,102,408,Yes,No,46,244.2,83,41.51,54.9,120,4.67,296.9,113,13.36,5.4,2,1.46
RI,58,415,Yes,No,43,270.6,69,46.0,72.1,127,6.13,211.5,95,9.52,13.1,1,3.54
OH,230,408,No,No,33,150.2,140,25.53,65.8,105,5.59,284.2,129,12.79,2.2,13,0.59
NV,72,510,No,No,33,123.8,81,21.05,276.0,70,23.46,317.8,90,14.3,6.6,5,1.78
OK,63,408,Yes,No,43,328.1,78,55.78,113.2,148,9.62,185.3,89,8.34,7.0,4,1.89
NJ,222,415,No,No,4,111.4,85,18.94,194.8,85,16.56,135.5,92,6.1,7.2,8,1.94
TN,205,415,No,Yes,47,157.5,101,26.78,101.9,133,8.66,194.2,78,8.74,8.9,4,2.4
FL,192,510,Yes,No,46,316.3,113,53.77,165.4,103,14.06,174.5,103,7.85,17.1,8,4.62
OK,175,415,Yes,Yes,42,213.1,62,36.23,205.6,123,17.48,326.7,101,14.7,10.4,9,2.81
WA,224,408,No,Yes,35,209.3,149,35.58,111.5,61,9.48,113.1,64,5.09,17.3,2,4.67
OK,94,415,No,Yes,42,136.3,112,23.17,86.9,136,7.39,138.9,83,6.25,17.0,6,4.59
CT,156,510,No,No,36,240.3,121,40.85,232.0,66,19.72,295.5,83,13.3,14.7,3,3.97
WV,199,510,Yes,Yes,24,213.6,141,36.31,67.1,134,5.7,105.4,126,4.74,2.2,7,0.59
NY,161,415,No,No,24,313.7,73,53.33,109.2,121,9.28,198.2,79,8.92,16.5,6,4.46
TN,149,408,Yes,No,15,250.0,121,42.5,141.8,126,12.05,303.9,92,13.68,17.2,5,4.64
TN,10,510,Yes,Yes,37,226.3,116,38.47,129.1,51,10.97,284.3,140,12.79,17.6,6,4.75
KS,18,510,Yes,No,48,170.1,86,28.92,203.5,75,17.3,208.7,142,9.39,18.7,12,5.05
WV,93,510,Yes,No,20,108.9,98,18.51,211.3,104,17.96,174.7,121,7.86,14.4,4,3.89
NJ,44,415,Yes,No,49,199.5,85,33.91,169.1,87,14.37,242.2,56,10.9,7.7,15,2.08
NV,53,408,No,Yes,10,171.6,105,29.17,235.3,140,20.0,232.3,125,10.45,17.9,7,4.83
WA,96,510,Yes,No,0,272.5,64,46.33,202.7,92,17.23,274.1,119,12.33,1.8,8,0.49
OH,28,408,Yes,No,44,227.2,96,38.62,111.8,92,9.5,332.1,122,14.94,17.8,4,4.81
CT,177,415,Yes,No,32,100.8,140,17.14,286.5,74,24.35,172.2,141,7.75,10.7,8,2.89
NV,247,408,Yes,No,30,119.3,145,20.28,210.5,108,17.89,193.6,81,8.71,2.3,6,0.62
KS,142,408,Yes,No,1,330.4,138,56.17,74.3,124,6.32,174.3,52,7.84,1.4,11,0.38
NV,16,415,No,Yes,9,162.4,77,27.61,93.0,105,7.91,346.2,62,15.58,2.6,14,0.7
CT,176,415,Yes,No,24,191.2,72,32.5,190.6,78,16.2,322.7,150,14.52,13.5,15,3.65
CT,150,510,Yes,No,32,283.3,90,48.16,170.3,116,14.48,300.0,101,13.5,9.2,15,2.48
NY,154,408,Yes,Yes,14,349.7,65,59.45,94.6,75,8.04,265.9,72,11.97,2.3,10,0.62
KS,236,510,Yes,No,3,106.5,82,18.11,250.1,107,21.26,223.3,77,10.05,19.8,8,5.35
WV,12,408,Yes,Yes,48,231.2,117,39.3,292.9,63,24.9,159.0,73,7.15,14.6,9,3.94
TX,185,510,Yes,No,10,241.9,133,41.12,154.1,87,13.1,136.0,107,6.12,18.9,1,5.1
WV,244,408,No,No,50,131.3,113,22.32,124.1,96,10.55,324.1,61,14.58,9.3,5,2.51
CT,58,510,Yes,Yes,26,133.8,107,22.75,239.5,98,20.36,325.8,117,14.66,10.2,6,2.75
NV,93,510,No,Yes,40,169.0,76,28.73,105.3,50,8.95,271.8,106,12.23,11.6,5,3.13
FL,142,415,No,Yes,20,210.7,113,35.82,204.9,86,17.42,160.2,147,7.21,3.1,3,0.84
OK,116,415,No,No,22,337.7,134,57.41,245.7,141,20.88,194.0,132,8.73,16.3,13,4.4
NJ,65,510,Yes,No,9,241.3,90,41.02,54.1,63,4.6,160.8,126,7.24,18.5,14,5.0
AZ,148,408,Yes,No,11,312.6,119,53.14,145.4,147,12.36,156.0,78,7.02,9.9,14,2.67
CT,244,408,No,No,9,215.6,135,36.65,273.3,96,23.23,132.3,137,5.95,9.8,5,2.65
WV,171,408,Yes,No,6,248.8,71,42.3,237.5,54,20.19,205.0,145,9.22,12.3,11,3.32
WA,17,510,No,No,34,239.7,109,40.75,112.4,51,9.55,241.7,128,10.88,1.6,14,0.43
NJ,208,415,No,Yes,2,332.4,136,56.51,272.8,71,23.19,104.8,128,4.72,17.5,7,4.73
RI,135,415,No,No,0,276.1,118,46.94,58.6,88,4.98,103.6,70,4.66,5.7,12,1.54
CA,246,510,Yes,Yes,22,189.3,76,32.18,53.9,78,4.58,189.9,101,8.55,9.9,4,2.67
TN,188,408,Yes,No,32,133.1,124,22.63,241.0,146,20.49,126.2,53,5.68,10.9,11,2.94
TN,224,408,Yes,Yes,29,348.9,107,59.31,54.5,57,4.63,247.3,92,11.13,19.8,8,5.35
KS,150,510,Yes,No,2,291.4,131,49.54,197.1,97,16.75,112.2,85,5.05,13.8,6,3.73
OK,9,415,No,Yes,21,241.9,111,41.12,205.4,60,17.46,111.2,90,5.0,16.6,14,4.48
CT,36,510,No,No,18,239.4,137,40.7,273.9,107,23.28,331.5,150,14.92,6.2,10,1.67
NJ,127,510,No,No,41,260.8,131,44.34,274.3,88,23.32,286.4,70,12.89,16.4,7,4.43
TX,132,408,No,No,8,122.0,83,20.74,55.8,78,4.74,292.6,61,13.17,13.0,5,3.51
WA,72,510,Yes,No,32,245.9,78,41.8,132.9,64,11.3,339.2,115,15.26,15.8,12,4.27
OK,127,408,No,No,2,254.0,130,43.18,134.1,125,11.4,117.9,105,5.31,17.8,8,4.81
CT,24,510,Yes,No,14,296.9,79,50.47,222.4,83,18.9,258.0,113,11.61,7.6,10,2.05
NY,97,408,No,Yes,16,171.2,124,29.1,184.4,68,15.67,123.2,125,5.54,2.0,3,0.54
NV,114,510,Yes,Yes,19,134.1,126,22.8,91.0,133,7.74,282.7,114,12.72,4.0,11,1.08
TX,159,408,Yes,No,10,270.4,84,45.97,253.6,72,21.56,277.4,128,12.48,15.7,15,4.24
CT,54,510,Yes,No,39,139.9,108,23.78,79.3,64,6.74,109.1,81,4.91,19.1,6,5.16
FL,157,408,Yes,Yes,33,280.7,60,47.72,106.0,104,9.01,282.6,126,12.72,14.0,14,3.78
RI,115,408,Yes,Yes,5,113.7,108,19.33,262.5,59,22.31,303.5,134,13.66,11.6,4,3.13
KS,5,510,Yes,No,26,194.7,114,33.1,252.7,68,21.48,205.3,132,9.24,7.4,11,2.0
TN,140,415,Yes,Yes,33,142.5,118,24.23,183.0,134,15.56,329.5,135,14.83,14.6,10,3.94
CA,233,415,Yes,No,22,267.0,94,45.39,281.7,120,23.94,203.0,104,9.13,18.6,14,5.02
OH,76,408,Yes,No,46,217.8,111,37.03,54.8,82,4.66,165.8,138,7.46,5.5,12,1.49
KS,212,510,Yes,No,34,287.8,97,48.93,106.2,129,9.03,180.1,101,8.1,12.0,6,3.24
WA,112,408,Yes,Yes,35,103.7,100,17.63,280.1,150,23.81,137.3,62,6.18,4.5,12,1.22
NY,188,510,Yes,Yes,9,124.0,86,21.08,129.9,86,11.04,223.1,84,10.04,9.3,11,2.51
TN,44,510,No,Yes,2,214.8,87,36.52,268.3,134,22.81,285.4,117,12.84,4.2,15,1.13
FL,111,408,Yes,Yes,9,245.2,55,41.68,141.1,128,11.99,208.2,85,9.37,4.7,4,1.27
NJ,234,408,Yes,No,12,231.1,98,39.29,246.7,145,20.97,206.5,109,9.29,9.5,5,2.57
WV,186,415,Yes,No,38,237.3,128,40.34,142.4,84,12.1,233.1,80,10.49,13.4,6,3.62
WA,193,510,Yes,Yes,29,304.4,97,51.75,137.5,111,11.69,155.1,120,6.98,1.4,9,0.38
AZ,65,510,No,No,44,287.1,109,48.81,172.4,81,14.65,225.5,110,10.15,2.0,11,0.54
OK,25,415,No,No,49,152.4,61,25.91,288.7,63,24.54,253.5,118,11.41,4.6,14,1.24
NV,49,415,No,No,12,165.2,88,28.08,198.5,126,16.87,150.0,57,6.75,4.1,6,1.11
WV,226,415,No,No,8,140.9,97,23.95,251.3,118,21.36,192.2,119,8.65,1.8,3,0.49
CT,232,510,Yes,Yes,44,228.4,144,38.83,199.3,59,16.94,148.1,139,6.66,17.4,8,4.7
WA,87,408,Yes,Yes,18,186.5,62,31.71,139.7,133,11.87,227.4,51,10.23,15.8,7,4.27
CA,155,408,Yes,No,11,203.6,120,34.61,217.8,99,18.51,327.9,143,14.76,12.5,15,3.38
OK,203,415,No,Yes,34,156.5,107,26.61,155.6,85,13.23,327.7,134,14.75,15.5,2,4.19
TX,118,510,Yes,Yes,28,273.2,134,46.44,262.3,86,22.3,264.1,70,11.88,4.4,9,1.19
OH,34,408,Yes,No,1,114.1,130,19.4,150.6,118,12.8,222.4,52,10.01,8.2,2,2.21
AZ,149,415,Yes,No,44,338.1,114,57.48,220.2,130,18.72,146.2,108,6.58,5.0,1,1.35
NJ,37,415,Yes,No,47,223.9,52,38.06,215.4,131,18.31,119.2,108,5.36,8.4,4,2.27
NV,187,408,No,No,7,207.9,96,35.34,193.7,112,16.46,227.1,120,10.22,15.7,13,4.24
NY,210,408,No,Yes,43,192.3,93,32.69,164.9,79,14.02,253.8,110,11.42,11.5,14,3.11
NJ,39,415,Yes,No,42,138.6,122,23.56,181.9,146,15.46,234.3,102,10.54,14.1,10,3.81
WA,218,510,Yes,Yes,45,343.1,75,58.33,87.6,119,7.45,256.8,112,11.56,1.4,13,0.38
CT,25,408,Yes,Yes,49,210.8,144,35.84,116.8,146,9.93,168.6,146,7.59,3.8,4,1.03
CT,185,510,No,No,22,310.7,141,52.82,189.1,104,16.07,281.6,114,12.67,5.6,12,1.51
RI,160,510,Yes,No,46,231.0,88,39.27,53.1,56,4.51,291.6,148,13.12,11.6,8,3.13
NY,108,510,Yes,Yes,24,335.8,140,57.09,71.6,100,6.09,187.9,54,8.46,1.8,7,0.49
CT,194,510,No,Yes,2,268.3,128,45.61,196.7,54,16.72,312.6,97,14.07,7.8,11,2.11
TX,184,510,Yes,Yes,8,277.1,106,47.11,70.5,81,5.99,325.4,115,14.64,14.2,12,3.83
WV,212,510,No,No,46,333.5,145,56.7,250.3,53,21.28,346.5,62,15.59,6.3,3,1.7
KS,95,408,No,No,32,229.2,140,38.96,160.8,79,13.67,257.9,65,11.61,13.2,15,3.56
TX,240,408,No,No,1,187.6,117,31.89,96.2,61,8.18,263.7,88,11.87,12.9,7,3.48
CT,198,408,Yes,Yes,32,128.4,59,21.83,290.2,129,24.67,209.8,129,9.44,13.7,13,3.7
KS,132,510,No,Yes,21,327.1,129,55.61,119.7,92,10.17,118.3,107,5.32,12.3,10,3.32
NV,20,415,Yes,Yes,1,251.7,114,42.79,140.2,148,11.92,193.7,117,8.72,16.6,8,4.48
RI,23,415,No,No,17,238.9,113,40.61,238.3,118,20.26,320.6,57,14.43,2.8,15,0.76
WA,121,415,Yes,No,35,253.7,84,43.13,290.4,59,24.68,193.5,78,8.71,13.2,15,3.56
KS,167,510,No,No,30,187.6,59,31.89,66.5,61,5.65,124.8,99,5.62,18.2,12,4.91
WA,39,408,No,Yes,24,268.6,100,45.66,205.3,73,17.45,331.1,106,14.9,6.8,9,1.84
OK,172,510,Yes,No,22,313.3,125,53.26,158.0,63,13.43,100.6,77,4.53,17.5,13,4.73
CT,109,415,No,No,37,313.6,114,53.31,110.3,148,9.38,126.9,114,5.71,6.5,4,1.76
NY,240,408,Yes,Yes,36,137.4,92,23.36,233.6,102,19.86,322.3,51,14.5,4.1,6,1.11
CA,215,415,Yes,Yes,5,296.2,50,50.35,260.8,75,22.17,197.7,91,8.9,7.4,12,2.0
TN,247,415,No,No,28,136.3,120,23.17,205.9,149,17.5,198.8,114,8.95,4.1,14,1.11
NJ,174,415,Yes,No,12,166.9,132,28.37,136.7,143,11.62,220.2,108,9.91,14.3,11,3.86
WA,57,408,Yes,No,21,268.0,134,45.56,228.7,98,19.44,175.6,148,7.9,14.7,1,3.97
NY,237,510,Yes,No,4,169.3,63,28.78,130.0,66,11.05,348.2,91,15.67,1.6,3,0.43
TN,46,415,No,No,29,247.9,112,42.14,248.6,111,21.13,339.9,51,15.3,12.3,7,3.32
KS,60,415,No,No,35,196.7,136,33.44,141.9,132,12.06,287.4,108,12.93,3.4,15,0.92
NV,89,510,Yes,No,28,334.5,91,56.87,278.0,82,23.63,196.3,59,8.83,12.8,14,3.46
NV,171,510,Yes,No,41,176.3,132,29.97,120.8,120,10.27,328.7,133,14.79,17.2,10,4.64
RI,7,510,Yes,Yes,22,132.7,129,22.56,209.1,57,17.77,102.0,120,4.59,15.9,4,4.29
KS,164,415,Yes,Yes,43,332.7,100,56.56,146.8,92,12.48,314.6,122,14.16,17.2,1,4.64
TN,183,415,No,No,37,176.9,111,30.07,103.7,65,8.81,333.2,146,14.99,2.5,8,0.68
NY,124,415,Yes,Yes,1,309.1,64,52.55,170.7,68,14.51,322.2,54,14.5,1.7,3,0.46
WV,173,510,Yes,Yes,50,195.5,137,33.23,144.3,136,12.27,316.3,72,14.23,14.9,1,4.02
TX,68,408,Yes,No,14,263.5,96,44.8,78.6,107,6.68,119.3,90,5.37,17.2,11,4.64
TX,182,408,No,No,0,222.8,54,37.88,231.2,119,19.65,248.7,119,11.19,18.4,10,4.97
FL,207,415,No,No,45,286.3,104,48.67,174.8,121,14.86,105.1,122,4.73,14.3,1,3.86
NJ,228,510,Yes,No,11,185.1,128,31.47,106.5,51,9.05,117.5,87,5.29,4.2,8,1.13
RI,202,510,No,No,9,200.9,68,34.15,183.4,74,15.59,110.0,128,4.95,16.6,9,4.48
FL,139,415,No,Yes,46,134.8,72,22.92,126.8,99,10.78,129.4,53,5.82,18.2,3,4.91
CA,184,510,No,Yes,13,164.7,143,28.0,107.9,143,9.17,272.4,140,12.26,12.3,3,3.32
TX,93,408,Yes,No,8,188.2,110,31.99,91.3,100,7.76,163.0,75,7.33,17.9,11,4.83
FL,11,510,Yes,Yes,49,163.0,95,27.71,133.8,82,11.37,144.8,90,6.52,15.0,4,4.05
NY,92,415,No,No,11,105.2,70,17.88,248.2,76,21.1,178.2,98,8.02,9.6,3,2.59
RI,38,415,No,No,22,321.9,105,54.72,297.7,148,25.3,322.7,116,14.52,9.0,8,2.43
NY,102,415,No,Yes,30,205.2,119,34.88,56.6,142,4.81,269.5,149,12.13,1.0,3,0.27
OH,209,415,Yes,Yes,28,307.3,91,52.24,130.2,128,11.07,200.9,58,9.04,12.3,14,3.32
NV,175,510,No,No,8,310.9,72,52.85,217.4,91,18.48,118.0,57,5.31,3.6,3,0.97
NJ,135,408,No,Yes,2,101.4,101,17.24,94.3,140,8.02,308.1,148,13.86,20.0,8,5.4
NV,138,408,No,Yes,26,193.3,104,32.86,286.8,140,24.38,164.2,144,7.39,13.4,15,3.62
OK,130,510,No,No,13,150.2,59,25.53,77.4,136,6.58,262.6,142,11.82,9.9,8,2.67
KS,115,415,Yes,No,9,127.4,128,21.66,203.9,107,17.33,233.2,100,10.49,15.9,15,4.29
RI,72,415,Yes,Yes,27,194.7,126,33.1,70.8,80,6.02,166.0,77,7.47,19.9,1,5.37
WA,20,415,No,No,19,275.7,87,46.87,211.8,118,18.0,325.6,116,14.65,18.3,8,4.94
NV,29,415,Yes,Yes,49,148.9,134,25.31,50.8,74,4.32,315.4,77,14.19,17.1,7,4.62
AZ,229,408,No,Yes,21,136.5,146,23.21,199.3,122,16.94,263.7,142,11.87,14.1,9,3.81
OH,155,510,Yes,Yes,31,326.5,128,55.51,102.6,112,8.72,135.7,110,6.11,11.5,8,3.11
TX,206,415,Yes,Yes,35,138.6,57,23.56,183.5,89,15.6,329.3,134,14.82,14.1,11,3.81
TN,228,408,Yes,No,34,332.9,143,56.59,142.4,118,12.1,213.9,146,9.63,13.8,5,3.73
AZ,226,415,Yes,Yes,9,264.9,56,45.03,82.8,93,7.04,348.2,103,15.67,8.5,4,2.29
TX,88,510,Yes,No,45,138.8,88,23.6,268.5,73,22.82,163.6,95,7.36,10.6,15,2.86
TN,31,415,No,No,43,144.8,51,24.62,253.4,77,21.54,164.3,123,7.39,3.6,12,0.97
AZ,221,510,Yes,No,26,162.1,65,27.56,85.3,76,7.25,260.9,128,11.74,5.4,1,1.46
FL,35,510,No,No,48,279.0,51,47.43,54.9,107,4.67,116.8,88,5.26,3.2,8,0.86
CA,200,408,No,No,3,199.5,121,33.91,222.1,111,18.88,277.2,65,12.47,19.4,15,5.24
OK,122,510,Yes,Yes,29,106.6,119,18.12,98.7,142,8.39,301.3,134,13.56,5.5,14,1.49
CT,51,510,No,No,47,319.3,126,54.28,231.6,57,19.69,279.6,64,12.58,12.7,12,3.43
RI,147,510,Yes,No,36,169.9,67,28.88,138.3,108,11.76,154.4,50,6.95,13.2,15,3.56
KS,49,408,No,Yes,2,308.3,57,52.41,85.2,69,7.24,139.5,106,6.28,18.3,10,4.94
TN,235,415,No,Yes,16,258.9,82,44.01,104.7,97,8.9,199.4,113,8.97,3.2,5,0.86
NJ,94,415,No,Yes,30,191.5,133,32.55,205.3,129,17.45,318.7,125,14.34,17.0,12,4.59
CT,10,510,Yes,No,20,286.1,73,48.64,255.9,92,21.75,208.5,61,9.38,3.4,5,0.92
NY,170,408,No,Yes,15,147.1,135,25.01,284.0,76,24.14,106.6,83,4.8,3.8,9,1.03
CA,250,510,Yes,Yes,49,293.4,132,49.88,112.4,134,9.55,120.3,137,5.41,12.8,13,3.46
AZ,158,510,Yes,Yes,23,170.4,140,28.97,182.9,65,15.55,109.5,126,4.93,11.9,13,3.21
CA,5,510,Yes,Yes,31,313.0,65,53.21,213.4,85,18.14,233.7,146,10.52,19.3,6,5.21
CT,138,510,No,Yes,11,299.5,107,50.92,92.4,120,7.85,218.8,121,9.85,7.7,13,2.08
OH,1,408,No,Yes,39,328.4,78,55.83,214.5,80,18.23,306.1,93,13.77,18.2,12,4.91
AZ,40,510,Yes,No,22,239.1,94,40.65,215.4,98,18.31,273.9,90,12.33,7.1,3,1.92
WA,109,415,Yes,No,29,259.4,100,44.1,66.0,144,5.61,186.0,75,8.37,19.0,9,5.13
KS,237,415,Yes,Yes,36,158.9,84,27.01,57.3,53,4.87,255.9,100,11.52,1.2,11,0.32
TN,249,510,Yes,No,37,133.3,104,22.66,219.6,56,18.67,309.8,140,13.94,19.8,10,5.35
NY,5,510,No,Yes,19,169.3,119,28.78,83.8,122,7.12,255.6,78,11.5,19.5,13,5.27
WA,121,408,Yes,No,37,266.8,51,45.36,102.4,113,8.7,142.2,60,6.4,10.6,13,2.86
OH,106,510,Yes,No,18,222.3,100,37.79,252.2,72,21.44,282.3,64,12.7,13.3,9,3.59
WV,130,408,No,Yes,45,305.8,105,51.99,222.9,73,18.95,167.3,59,7.53,9.2,1,2.48
FL,39,510,No,No,14,231.1,140,39.29,58.6,144,4.98,250.5,107,11.27,8.0,11,2.16
TN,43,510,No,Yes,9,287.5,124,48.88,219.5,149,18.66,118.6,148,5.34,13.9,9,3.75
FL,205,408,Yes,No,20,225.2,147,38.28,298.5,103,25.37,112.7,78,5.07,17.0,10,4.59
TX,26,415,No,Yes,12,232.9,145,39.59,145.6,80,12.38,248.8,57,11.2,15.8,8,4.27
TN,156,510,No,No,15,173.8,134,29.55,99.8,72,8.48,194.6,68,8.76,1.9,13,0.51
OH,129,415,Yes,Yes,25,107.4,140,18.26,124.5,70,10.58,138.8,131,6.25,12.1,9,3.27
WA,6,408,Yes,Yes,33,206.7,121,35.14,129.2,103,10.98,218.0,51,9.81,3.9,10,1.05
OK,67,415,Yes,Yes,18,335.9,74,57.1,134.5,80,11.43,171.6,80,7.72,1.0,8,0.27
NJ,132,510,No,No,15,219.6,116,37.33,168.0,140,14.28,120.5,92,5.42,15.0,9,4.05
OK,190,415,No,No,32,222.0,121,37.74,139.9,60,11.89,245.5,144,11.05,4.5,12,1.22
CT,168,510,No,No,4,251.5,119,42.76,174.5,96,14.83,158.2,144,7.12,15.3,8,4.13
WA,108,408,No,Yes,10,139.4,70,23.7,98.0,122,8.33,245.3,95,11.04,18.5,5,5.0
NJ,163,510,Yes,Yes,7,195.7,52,33.27,290.8,80,24.72,332.3,142,14.95,16.1,14,4.35
CT,7,510,No,Yes,4,227.8,116,38.73,189.1,120,16.07,184.5,114,8.3,9.5,10,2.57
TN,5,415,Yes,No,48,274.6,119,46.68,231.6,127,19.69,198.7,137,8.94,11.9,1,3.21
FL,12,408,Yes,No,23,228.5,60,38.85,255.6,88,21.73,279.7,109,12.59,8.5,5,2.29
KS,250,415,No,Yes,49,234.7,57,39.9,188.6,141,16.03,287.4,138,12.93,17.4,9,4.7
FL,231,510,Yes,No,47,215.0,108,36.55,193.2,87,16.42,275.0,87,12.38,13.4,2,3.62
FL,96,408,Yes,Yes,23,103.9,74,17.66,295.2,97,25.09,317.8,132,14.3,9.3,12,2.51
FL,97,415,Yes,Yes,23,320.4,70,54.47,55.9,118,4.75,146.4,99,6.59,7.8,10,2.11
NV,34,510,Yes,Yes,46,242.3,129,41.19,100.8,112,8.57,291.5,114,13.12,12.8,10,3.46
TX,182,510,Yes,Yes,36,239.3,102,40.68,80.5,142,6.84,259.4,85,11.67,15.1,5,4.08
FL,166,510,Yes,No,31,122.0,96,20.74,268.1,94,22.79,347.5,52,15.64,3.3,10,0.89
CT,44,510,Yes,Yes,17,163.9,124,27.86,172.1,147,14.63,277.3,126,12.48,7.8,1,2.11
AZ,47,408,No,No,19,283.8,127,48.25,79.0,73,6.72,160.7,93,7.23,2.7,10,0.73
TX,174,408,No,No,47,300.1,91,51.02,198.5,58,16.87,108.2,94,4.87,10.0,7,2.7
WA,243,408,Yes,Yes,31,296.9,119,50.47,264.4,58,22.47,267.7,118,12.05,13.2,4,3.56
AZ,243,510,Yes,No,12,204.3,131,34.73,129.1,74,10.97,293.2,104,13.19,11.9,1,3.21
RI,249,408,Yes,No,7,324.1,105,55.1,283.4,123,24.09,128.1,59,5.76,1.7,7,0.46
FL,230,415,No,Yes,26,300.2,149,51.03,229.4,140,19.5,218.3,62,9.82,5.7,13,1.54
OH,33,510,Yes,No,47,191.9,73,32.62,95.3,62,8.1,104.0,107,4.68,11.3,5,3.05
CT,90,408,Yes,No,33,278.1,131,47.28,272.4,59,23.15,137.2,58,6.17,5.7,12,1.54
CA,121,510,Yes,No,13,172.3,130,29.29,264.2,138,22.46,161.7,53,7.28,16.9,14,4.56
NV,2,408,No,No,32,249.8,127,42.47,277.7,92,23.6,201.4,53,9.06,13.7,1,3.7
WV,151,415,No,No,19,149.8,125,25.47,254.5,110,21.63,330.1,74,14.85,11.3,10,3.05
RI,152,415,Yes,No,37,264.9,111,45.03,197.2,123,16.76,336.7,102,15.15,5.2,6,1.4
NV,110,415,No,Yes,12,179.2,95,30.46,67.6,61,5.75,283.0,78,12.73,17.5,12,4.73
CA,6,510,Yes,No,17,212.7,123,36.16,51.0,66,4.33,178.9,90,8.05,19.3,2,5.21
TN,102,415,Yes,Yes,37,169.2,118,28.76,232.8,85,19.79,120.3,82,5.41,1.6,5,0.43
OK,197,510,Yes,Yes,45,218.8,73,37.2,287.6,77,24.45,206.1,115,9.27,15.7,4,4.24
NV,113,510,No,No,6,248.5,107,42.25,183.4,94,15.59,123.7,146,5.57,15.5,12,4.19
FL,111,415,Yes,Yes,15,243.1,116,41.33,293.1,94,24.91,238.6,106,10.74,14.8,15,4.0
WV,112,415,No,Yes,13,145.0,131,24.65,235.1,79,19.98,187.2,115,8.42,16.0,7,4.32
AZ,120,415,No,Yes,45,283.3,117,48.16,273.8,128,23.27,345.2,57,15.53,11.2,15,3.02
TN,165,510,No,Yes,21,175.8,119,29.89,82.9,66,7.05,103.7,98,4.67,5.0,1,1.35
WV,206,408,Yes,Yes,0,125.8,111,21.39,196.6,62,16.71,106.6,105,4.8,14.3,15,3.86
KS,223,510,No,Yes,36,127.4,126,21.66,149.4,76,12.7,301.5,61,13.57,5.3,3,1.43
KS,119,415,Yes,Yes,16,226.1,63,38.44,198.9,109,16.91,185.5,62,8.35,9.0,5,2.43
CT,200,415,No,Yes,3,295.8,135,50.29,98.8,149,8.4,115.5,144,5.2,3.6,6,0.97
RI,152,510,Yes,Yes,27,167.8,144,28.53,242.1,72,20.58,327.1,97,14.72,19.4,10,5.24
OK,182,415,Yes,Yes,19,149.6,98,25.43,251.9,108,21.41,295.9,141,13.32,3.6,4,0.97
WV,245,415,No,Yes,40,307.9,108,52.34,190.4,112,16.18,160.3,61,7.21,8.3,12,2.24
NY,202,415,No,No,18,293.2,127,49.84,260.9,81,22.18,176.2,66,7.93,19.4,5,5.24
OK,6,510,No,Yes,38,132.7,94,22.56,207.4,122,17.63,230.6,149,10.38,4.4,2,1.19
WA,187,510,No,No,7,341.6,101,58.07,56.3,106,4.79,151.4,53,6.81,13.4,2,3.62
NJ,114,510,Yes,No,27,285.1,75,48.47,267.9,55,22.77,347.8,81,15.65,20.0,1,5.4
TN,38,510,No,No,9,308.3,134,52.41,218.9,70,18.61,256.5,56,11.54,5.0,9,1.35
CA,82,408,No,Yes,21,104.8,124,17.82,62.8,141,5.34,162.1,54,7.29,2.3,10,0.62
OH,238,415,No,Yes,29,133.5,138,22.7,200.0,53,17.0,226.8,130,10.21,16.1,5,4.35
OK,101,510,Yes,No,20,118.9,148,20.21,79.9,93,6.79,191.4,74,8.61,1.3,9,0.35
NJ,224,408,Yes,No,34,173.1,141,29.43,175.7,79,14.93,206.8,144,9.31,13.5,2,3.65
TX,88,510,Yes,Yes,7,336.9,129,57.27,67.7,51,5.75,183.7,125,8.27,7.8,11,2.11
FL,166,510,No,Yes,17,154.3,74,26.23,130.5,149,11.09,114.8,82,5.17,6.4,9,1.73
OH,135,408,Yes,No,25,294.9,132,50.13,175.8,71,14.94,158.9,94,7.15,3.0,9,0.81
AZ,62,415,Yes,Yes,26,216.8,52,36.86,299.5,139,25.46,214.8,59,9.67,7.4,12,2.0
NY,18,408,No,Yes,31,237.9,139,40.44,224.5,143,19.08,150.2,104,6.76,11.6,12,3.13
CA,129,408,Yes,No,34,105.5,91,17.94,66.6,53,5.66,187.9,111,8.46,3.8,14,1.03
FL,85,510,No,Yes,44,199.3,121,33.88,67.8,70,5.76,208.8,61,9.4,13.5,5,3.65
WA,226,408,No,No,32,300.8,89,51.14,126.6,68,10.76,186.6,134,8.4,1.4,14,0.38
TX,23,408,Yes,No,22,317.2,86,53.92,114.5,146,9.73,297.7,100,13.4,3.2,14,0.86
KS,74,408,No,No,49,134.4,83,22.85,129.0,84,10.97,139.3,115,6.27,2.2,10,0.59
OK,211,415,No,No,11,180.6,85,30.7,290.0,52,24.65,270.9,146,12.19,9.6,4,2.59
OK,89,415,No,No,48,156.1,73,26.54,129.2,116,10.98,128.5,148,5.78,9.8,12,2.65
NJ,101,510,Yes,No,41,270.0,101,45.9,225.8,136,19.19,236.2,139,10.63,15.1,2,4.08
WV,96,408,No,No,49,132.7,113,22.56,272.9,101,23.2,117.7,59,5.3,14.5,13,3.92
NY,244,415,No,Yes,1,214.4,120,36.45,117.4,149,9.98,321.3,107,14.46,14.9,2,4.02
NV,123,408,Yes,No,19,238.5,98,40.55,152.7,136,12.98,258.5,111,11.63,4.5,5,1.22
TN,193,415,Yes,No,32,186.2,106,31.65,119.0,141,10.12,108.0,87,4.86,17.0,2,4.59
KS,186,408,No,No,13,254.8,85,43.32,90.0,58,7.65,337.0,135,15.16,2.1,13,0.57
RI,128,408,Yes,No,11,115.7,104,19.67,156.8,140,13.33,237.9,139,10.71,9.1,2,2.46
NY,240,510,No,Yes,41,299.4,50,50.9,162.3,122,13.8,327.7,57,14.75,17.7,15,4.78
OH,67,415,Yes,Yes,5,274.1,75,46.6,226.5,74,19.25,295.7,122,13.31,9.5,13,2.57
RI,118,510,Yes,No,5,132.7,87,22.56,127.8,106,10.86,153.1,64,6.89,19.3,2,5.21
CA,249,510,No,No,5,252.8,99,42.98,266.3,92,22.64,182.4,53,8.21,17.2,11,4.64
AZ,40,415,No,Yes,22,215.1,119,36.57,120.3,64,10.23,211.6,89,9.52,12.8,7,3.46
AZ,35,408,No,No,44,233.5,99,39.7,164.2,150,13.96,150.7,56,6.78,12.8,6,3.46
CT,74,510,Yes,Yes,42,195.5,119,33.23,253.3,54,21.53,135.2,100,6.08,4.7,13,1.27
TX,35,408,Yes,No,34,347.1,97,59.01,66.1,72,5.62,150.9,93,6.79,14.7,7,3.97
RI,158,510,Yes,No,33,313.2,89,53.24,247.8,128,21.06,112.3,94,5.05,18.9,10,5.1
OH,229,415,No,No,20,203.2,106,34.54,80.6,98,6.85,148.3,86,6.67,5.9,12,1.59
NJ,160,408,Yes,Yes,4,108.6,114,18.46,265.2,84,22.54,182.4,109,8.21,2.5,15,0.68
CA,143,415,No,Yes,0,337.4,99,57.36,158.2,123,13.45,253.4,106,11.4,2.2,8,0.59
TN,5,510,Yes,Yes,33,131.8,109,22.41,99.4,128,8.45,145.2,56,6.53,6.4,9,1.73
NY,75,510,Yes,No,48,340.9,96,57.95,218.4,111,18.56,289.0,114,13.0,15.7,11,4.24
TX,79,408,Yes,No,44,176.8,93,30.06,245.4,63,20.86,235.1,55,10.58,15.8,7,4.27
NV,99,415,No,Yes,15,262.4,130,44.61,237.7,54,20.2,226.3,112,10.18,15.8,14,4.27
TX,52,510,No,Yes,4,178.0,69,30.26,84.3,59,7.17,275.9,100,12.42,9.2,3,2.48
NY,171,415,No,No,41,307.9,149,52.34,125.7,52,10.68,171.9,61,7.74,7.6,11,2.05
CT,229,408,No,No,34,241.3,90,41.02,66.7,106,5.67,184.8,112,8.32,3.3,2,0.89
TN,157,408,No,No,48,114.7,97,19.5,251.3,56,21.36,227.5,137,10.24,8.9,12,2.4
NJ,155,415,No,Yes,25,304.0,91,51.68,200.6,89,17.05,329.0,85,14.8,2.3,10,0.62
KS,118,408,Yes,Yes,2,295.0,144,50.15,266.4,101,22.64,271.7,131,12.23,4.3,12,1.16
CT,6,415,No,No,4,221.3,67,37.62,55.3,114,4.7,231.3,106,10.41,18.8,14,5.08
NY,247,510,Yes,Yes,41,102.7,145,17.46,132.1,145,11.23,210.6,53,9.48,1.4,11,0.38
FL,114,408,No,No,23,244.2,61,41.51,235.7,125,20.03,261.8,103,11.78,16.0,12,4.32
NV,159,415,No,No,11,186.8,96,31.76,207.8,144,17.66,209.5,133,9.43,2.2,8,0.59
